table,seq,column,is_pk,is_fk,id,type,size,description,d_caster,d_has_codes
state_data,1,id,1,,tNaK8U00Ib01,INTEGER,,description,,
state_data,2,state,,,cNaK8U00Ib01002,VARCHAR,2,State,,
state_data,3,percentage_of_patients_with_hgb_10_g_dl,,,cNaK8U00Ib01003,INTEGER,2,Percentage of patients with Hgb<10 g/dL,,
state_data,4,percentage_of_patients_with_hgb_12_g_dl,,,cNaK8U00Ib01004,INTEGER,1,Percentage of patients with Hgb> 12 g/dL,,
state_data,5,lists_the_number_of_facilities_in_the_state_with_patient_transfusions_categorized_as_better_than_expected,,,cNaK8U00Ib01005,INTEGER,1,"Lists the number of facilities in the state with patient transfusions categorized as ""Better than expected""",,
state_data,6,lists_the_number_of_facilities_in_the_state_with_patient_transfusions_categorized_as_as_expected,,,cNaK8U00Ib01006,INTEGER,3,"Lists the number of facilities in the state with patient transfusions categorized as ""As expected""",,
state_data,7,lists_the_number_of_facilities_in_the_state_with_patient_transfusions_categorized_as_worse_than_expected,,,cNaK8U00Ib01007,INTEGER,2,"Lists the number of facilities in the state with patient transfusions categorized as ""Worse than expected""",,
state_data,8,percentage_of_adult_hd_patients_with_kt_v_1_2,,,cNaK8U00Ib01008,INTEGER,2,Percentage of adult HD patients with Kt/V >=1.2,,
state_data,9,percentage_of_adult_pd_pts_with_kt_v_1_7,,,cNaK8U00Ib01009,INTEGER,2,Percentage of adult PD PTS with Kt/V >=1.7,,
state_data,10,percentage_of_pediatric_hd_patients_with_kt_v_1_2,,,cNaK8U00Ib0100a,INTEGER,3,Percentage of pediatric HD patients with Kt/V >=1.2,,
state_data,11,percentage_of_patients_with_arteriovenous_fistulae_in_place,,,cNaK8U00Ib0100b,INTEGER,2,Percentage of patients with arteriovenous fistulae in place,,
state_data,12,percentage_of_patients_with_vascular_catheter_in_use_for_90_days_or_longer,,,cNaK8U00Ib0100c,INTEGER,2,Percentage of patients with vascular catheter in use for 90 days or longer,,
state_data,13,lists_the_percentage_of_adult_patients_with_hypercalcemia_serum_calcium_greater_than_10_2_mg_dl,,,cNaK8U00Ib0100d,INTEGER,1,Lists the percentage of adult patients with hypercalcemia (serum calcium greater than 10.2 mg/dL),,
state_data,14,lists_the_percentage_of_adult_patients_with_serum_phosphorus_less_than_3_5_mg_dl,,,cNaK8U00Ib0100e,INTEGER,2,Lists the percentage of adult patients with serum phosphorus less than 3.5 mg/dL,,
state_data,15,lists_the_percentage_of_adult_patients_with_serum_phosphorus_between_3_5_4_5_mg_dl,,,cNaK8U00Ib0100f,INTEGER,2,Lists the percentage of adult patients with serum phosphorus between 3.5-4.5 mg/dL,,
state_data,16,lists_the_percentage_of_adult_patients_with_serum_phosphorus_between_4_6_5_5_mg_dl,,,cNaK8U00Ib0100g,INTEGER,2,Lists the percentage of adult patients with serum phosphorus between 4.6-5.5 mg/dL,,
state_data,17,lists_the_percentage_of_adult_patients_with_serum_phosphorus_between_5_6_7_0_mg_dl,,,cNaK8U00Ib0100h,INTEGER,2,Lists the percentage of adult patients with serum phosphorus between 5.6-7.0 mg/dL,,
state_data,18,lists_the_percentage_of_adult_patients_with_serum_phosphorus_greater_than_7_0_mg_dl,,,cNaK8U00Ib0100i,INTEGER,2,Lists the percentage of adult patients with serum phosphorus greater than 7.0 mg/dL,,
state_data,19,hospitalizations_better_than_expected,,,cNaK8U00Ib0100j,INTEGER,2,Hospitalizations - Better than expected,,
state_data,20,hospitalizations_as_expected,,,cNaK8U00Ib0100k,INTEGER,3,Hospitalizations - As expected,,
state_data,21,hospitalizations_worse_than_expected,,,cNaK8U00Ib0100l,INTEGER,2,Hospitalizations - Worse than expected,,
state_data,22,number_of_facilities_in_the_state_with_patient_hospital_readmissions_categorized_as_better_than_expected,,,cNaK8U00Ib0100m,INTEGER,2,"Number of facilities in the state with patient hospital readmissions categorized as Better than expected""""",,
state_data,23,number_of_facilities_in_the_state_with_patient_hospital_readmissions_categorized_as_as_expected,,,cNaK8U00Ib0100n,INTEGER,3,"Number of facilities in the state with patient hospital readmissions categorized as As expected""""",,
state_data,24,number_of_facilities_in_the_state_with_patient_hospital_readmissions_categorized_as_worse_than_expected,,,cNaK8U00Ib0100o,INTEGER,2,"Number of facilities in the state with patient hospital readmissions categorized as Worse than expected""""",,
state_data,25,survival_better_than_expected,,,cNaK8U00Ib0100p,INTEGER,2,Survival - Better than expected,,
state_data,26,survival_as_expected,,,cNaK8U00Ib0100q,INTEGER,3,Survival - As expected,,
state_data,27,survival_worse_than_expected,,,cNaK8U00Ib0100r,INTEGER,2,Survival - Worse than expected,,
,,,,,,,,,,
fac_data,1,id,1,,tNaK8U00Ib02,INTEGER,,Facility Identification Variables,,
fac_data,2,provider_number,,,cNaK8U00Ib02002,VARCHAR,20,Provider number,,1
fac_data,3,network,,,cNaK8U00Ib02003,VARCHAR,20,Network,,
fac_data,4,facility_name,,,cNaK8U00Ib02004,VARCHAR,72,Facility name,,
fac_data,5,five_star_date,,,cNaK8U00Ib02005,VARCHAR,21,Five star date,,
fac_data,6,five_star,,,cNaK8U00Ib02006,INTEGER,1,Five star,,
fac_data,7,five_star_data_availability_code,,,cNaK8U00Ib02007,INTEGER,3,Five star data availability code,,
fac_data,8,address_line_1,,,cNaK8U00Ib02008,VARCHAR,60,Address line 1,,
fac_data,9,address_line_2,,,cNaK8U00Ib02009,VARCHAR,42,Address line 2,,
fac_data,10,city,,,cNaK8U00Ib0200a,VARCHAR,20,City,,
fac_data,11,state,,,cNaK8U00Ib0200b,VARCHAR,2,STATE,,
fac_data,12,zip,,,cNaK8U00Ib0200c,INTEGER,5,Zip,,
fac_data,13,county,,,cNaK8U00Ib0200d,VARCHAR,24,County,,
fac_data,14,phone_number,,,cNaK8U00Ib0200e,VARCHAR,14,Phone number,,
fac_data,15,profit_or_non_profit,,,cNaK8U00Ib0200f,VARCHAR,10,Profit or Non-Profit?,,
fac_data,16,chain_owned,,,cNaK8U00Ib0200g,VARCHAR,3,Chain owned?,,
fac_data,17,chain_organization,,,cNaK8U00Ib0200h,VARCHAR,39,Chain organization,,
fac_data,18,late_shift,,,cNaK8U00Ib0200i,INTEGER,1,Late shift?,,
fac_data,19,_of_dialysis_stations,,,cNaK8U00Ib0200j,INTEGER,2,# of dialysis stations,,
fac_data,20,offers_in_center_hemodialysis,,,cNaK8U00Ib0200k,INTEGER,1,Offers in-center hemodialysis,,
fac_data,21,offers_in_center_peritoneal_dialysis,,,cNaK8U00Ib0200l,INTEGER,1,Offers in-center peritoneal dialysis,,
fac_data,22,offers_home_hemodialysis_training,,,cNaK8U00Ib0200m,INTEGER,1,Offers home hemodialysis training,,
fac_data,23,certification_date,,,cNaK8U00Ib0200n,DATETIME,,Certification date,,
fac_data,24,claims_date,,,cNaK8U00Ib0200o,VARCHAR,21,Claims date,,
fac_data,25,mineral_and_bone_disorder_date,,,cNaK8U00Ib0200p,VARCHAR,21,Mineral and Bone Disorder Date,,
fac_data,26,strr_date,,,cNaK8U00Ib0200q,VARCHAR,21,STrR Date,,
fac_data,27,percentage_of_medicare_patients_with_hgb_10_g_dl,,,cNaK8U00Ib0200r,INTEGER,2,Percentage of Medicare patients with Hgb<10 g/dL,,
fac_data,28,hgb_10_data_availability_code,,,cNaK8U00Ib0200s,INTEGER,3,Hgb <10 data availability code,,
fac_data,29,percentage_of_medicare_patients_with_hgb_12_g_dl,,,cNaK8U00Ib0200t,INTEGER,2,Percentage of Medicare patients with Hgb>12 g/dL,,
fac_data,30,hgb_12_data_availability_code,,,cNaK8U00Ib0200u,INTEGER,3,Hgb >12 data availability code,,
fac_data,31,number_of_dialysis_patients_with_hgb_data,,,cNaK8U00Ib0200v,INTEGER,3,Number of dialysis patients with Hgb data,,
fac_data,32,lists_the_facility_s_standardized_transfusion_ratio_facility,,,cNaK8U00Ib0200w,REAL,,Lists the facility's standardized transfusion ratio (facility),,
fac_data,33,lists_the_upper_confident_limit_97_5_for_standardized_transfusion_ratio_strr,,,cNaK8U00Ib0200x,REAL,,Lists the upper confident limit (97.5%) for standardized transfusion ratio (STRr),,
fac_data,34,lists_the_lower_confident_limit_2_5_for_standardized_transfusion_ratio_strr,,,cNaK8U00Ib0200y,REAL,,Lists the lower confident limit (2.5%) for standardized transfusion ratio (STRr),,
fac_data,35,patient_transfusion_data_availability_code,,,cNaK8U00Ib0200z,INTEGER,3,Patient transfusion data availability Code,,
fac_data,36,patient_transfusion_category_text,,,cNaK8U00Ib0200A,VARCHAR,20,Patient transfusion category text,,
fac_data,37,lists_the_number_of_patients_included_in_the_facility_s_transfusion_summary_facility,,,cNaK8U00Ib0200B,INTEGER,3,Lists the number of patients included in the facility's transfusion summary (facility),,
fac_data,38,percent_of_adult_hd_patients_with_kt_v_1_2,,,cNaK8U00Ib0200C,INTEGER,3,Percent of adult HD patients with Kt/V >= 1.2,,
fac_data,39,adult_hd_kt_v_data_availability_code,,,cNaK8U00Ib0200D,INTEGER,3,Adult HD Kt/V data availability code,,
fac_data,40,percentage_of_adult_pd_pts_with_kt_v_1_7,,,cNaK8U00Ib0200E,VARCHAR,3,Percentage of adult PD PTS with Kt/V >= 1.7,,
fac_data,41,adult_pd_kt_v_data_availability_code,,,cNaK8U00Ib0200F,INTEGER,3,Adult PD Kt/V data availability code,,
fac_data,42,percentage_of_pediatric_hd_patients_with_kt_v_1_2,,,cNaK8U00Ib0200G,VARCHAR,3,Percentage of pediatric HD patients with Kt/V >= 1.2,,
fac_data,43,pediatric_hd_kt_v_data_availability_code,,,cNaK8U00Ib0200H,INTEGER,3,Pediatric HD Kt/V data availability code,,
fac_data,44,number_of_adult_hd_patients_with_kt_v_data,,,cNaK8U00Ib0200I,INTEGER,3,Number of adult HD patients with Kt/V data,,
fac_data,45,number_of_adult_hd_patient_months_with_kt_v_data,,,cNaK8U00Ib0200J,INTEGER,4,Number of adult HD patient-months with Kt/V data,,
fac_data,46,number_of_adult_pd_patients_with_kt_v_data,,,cNaK8U00Ib0200K,INTEGER,3,Number of adult PD patients with Kt/V data,,
fac_data,47,number_of_adult_pd_patient_months_with_kt_v_data,,,cNaK8U00Ib0200L,INTEGER,4,Number of adult PD patient-months with Kt/V data,,
fac_data,48,number_of_pediatric_hd_patients_with_kt_v_data,,,cNaK8U00Ib0200M,INTEGER,2,Number of pediatric HD patients with Kt/V data,,
fac_data,49,number_of_pediatric_hd_patient_months_with_kt_v_data,,,cNaK8U00Ib0200N,INTEGER,3,Number of pediatric HD patient-months with Kt/V data,,
fac_data,50,percentage_of_patients_with_arteriovenous_fistulae_in_place,,,cNaK8U00Ib0200O,INTEGER,2,Percentage of patients with arteriovenous fistulae in place,,
fac_data,51,arteriovenous_fistulae_in_place_data_availability_code,,,cNaK8U00Ib0200P,INTEGER,3,Arteriovenous fistulae in place data availability code,,
fac_data,52,percentage_of_patients_with_vascular_catheter_in_use_for_90_days_or_longer,,,cNaK8U00Ib0200Q,INTEGER,2,Percentage of patients with vascular catheter in use for 90 days or longer,,
fac_data,53,vascular_catheter_data_availability_code,,,cNaK8U00Ib0200R,INTEGER,3,Vascular catheter data availability code,,
fac_data,54,number_of_adult_patients_included_in_arterial_venous_fistula_and_catheter_summaries,,,cNaK8U00Ib0200S,INTEGER,3,Number of adult patients included in arterial venous fistula and catheter summaries,,
fac_data,55,number_of_adult_patient_months_included_in_arterial_venous_fistula_and_catheter_summaries,,,cNaK8U00Ib0200T,INTEGER,4,Number of adult patient-months included in arterial venous fistula and catheter summaries,,
fac_data,56,hypercalcemia_data_availability_code,,,cNaK8U00Ib0200U,INTEGER,3,Hypercalcemia data availability code,,
fac_data,57,lists_the_number_of_patients_included_in_the_facility_s_hypercalcemia_summary_facility,,,cNaK8U00Ib0200V,INTEGER,3,Lists the number of patients included in the facility's hypercalcemia summary (facility),,
fac_data,58,lists_the_number_of_patient_months_included_in_the_facility_s_hypercalcemia_summary_facility,,,cNaK8U00Ib0200W,INTEGER,4,Lists the number of patient-months included in the facility's hypercalcemia summary (facility),,
fac_data,59,lists_the_percentage_of_adult_patients_with_hypercalcemia_serum_calcium_greater_than_10_2_mg_dl_facility,,,cNaK8U00Ib0200X,INTEGER,2,Lists the percentage of adult patients with hypercalcemia (serum calcium greater than 10.2 mg/dL) (facility),,
fac_data,60,lists_the_number_of_patients_included_in_the_facility_s_serum_phosphorus_summary_facility,,,cNaK8U00Ib0200Y,INTEGER,3,Lists the number of patients included in the facility's serum phosphorus summary (facility),,
fac_data,61,lists_the_number_of_patient_months_included_in_the_facility_s_serum_phosphorus_summary_facility,,,cNaK8U00Ib0200Z,INTEGER,4,Lists the number of patient-months included in the facility's serum phosphorus summary (facility),,
fac_data,62,serum_phosphorus_data_availability_code,,,cNaK8U00Ib02010,INTEGER,3,Serum phosphorus data availability code,,
fac_data,63,lists_the_percentage_of_adult_patients_with_serum_phosphorus_less_than_3_5_mg_dl_facility,,,cNaK8U00Ib02011,INTEGER,2,Lists the percentage of adult patients with serum phosphorus less than 3.5 mg/dL (facility),,
fac_data,64,lists_the_percentage_of_adult_patients_with_serum_phosphorus_between_3_5_4_5_mg_dl_facility,,,cNaK8U00Ib02012,INTEGER,2,Lists the percentage of adult patients with serum phosphorus between 3.5-4.5 mg/dL (facility),,
fac_data,65,lists_the_percentage_of_adult_patients_with_serum_phosphorus_between_4_6_5_5_mg_dl_facility,,,cNaK8U00Ib02013,INTEGER,2,Lists the percentage of adult patients with serum phosphorus between 4.6-5.5 mg/dL (facility),,
fac_data,66,lists_the_percentage_of_adult_patients_with_serum_phosphorus_between_5_6_7_0_mg_dl_facility,,,cNaK8U00Ib02014,INTEGER,2,Lists the percentage of adult patients with serum phosphorus between 5.6-7.0 mg/dL (facility),,
fac_data,67,lists_the_percentage_of_adult_patients_with_serum_phosphorus_greater_than_7_0_mg_dl_facility,,,cNaK8U00Ib02015,INTEGER,2,Lists the percentage of adult patients with serum phosphorus greater than 7.0 mg/dL (facility),,
fac_data,68,shr_date,,,cNaK8U00Ib02016,VARCHAR,21,SHR date,,
fac_data,69,srr_date,,,cNaK8U00Ib02017,VARCHAR,21,SRR date,,
fac_data,70,smr_date,,,cNaK8U00Ib02018,VARCHAR,21,SMR date,,
fac_data,71,shr_upper_confidence_limit_95,,,cNaK8U00Ib02019,REAL,,SHR: upper confidence limit (95%),,
fac_data,72,srr_upper_confidence_limit,,,cNaK8U00Ib0201a,REAL,,SRR: upper confidence limit,,
fac_data,73,smr_upper_confidence_limit_95,,,cNaK8U00Ib0201b,REAL,,SMR: upper confidence limit (95%),,
fac_data,74,shr_lower_confidence_limit_5,,,cNaK8U00Ib0201c,REAL,,SHR: lower confidence limit (5%),,
fac_data,75,srr_lower_confidence_limit,,,cNaK8U00Ib0201d,REAL,,SRR: lower confidence limit,,
fac_data,76,smr_lower_confidence_limit_5,,,cNaK8U00Ib0201e,REAL,,SMR: lower confidence limit (5%),,
fac_data,77,patient_hospitalization_category_text,,,cNaK8U00Ib0201f,VARCHAR,20,Patient hospitalization category text,,
fac_data,78,patient_hospitalization_data_availability_code,,,cNaK8U00Ib0201g,INTEGER,3,Patient hospitalization data availability code,,
fac_data,79,rate_of_hospital_readmission_category_text,,,cNaK8U00Ib0201h,VARCHAR,20,Rate of hospital readmission category text,,
fac_data,80,rate_of_hospital_readmission_data_availability_code,,,cNaK8U00Ib0201i,INTEGER,3,Rate of hospital readmission data availability code,,
fac_data,81,patient_survival_category_text,,,cNaK8U00Ib0201j,VARCHAR,20,Patient survival category text,,
fac_data,82,patient_survival_data_availability_code,,,cNaK8U00Ib0201k,INTEGER,3,Patient survival data availability code,,
fac_data,83,number_of_patients_included_in_hospitalization_summary,,,cNaK8U00Ib0201l,INTEGER,3,Number of patients included in hospitalization summary,,
fac_data,84,number_of_hospitalizations_included_in_hospital_readmission_facility,,,cNaK8U00Ib0201m,INTEGER,3,Number of hospitalizations included in hospital readmission (facility),,
fac_data,85,number_of_patients_included_in_survival_summary,,,cNaK8U00Ib0201n,INTEGER,4,Number of patients included in survival summary,,
fac_data,86,standardized_hospitalization_ratio,,,cNaK8U00Ib0201o,REAL,,Standardized hospitalization ratio,,
fac_data,87,standardized_readmission_ratio,,,cNaK8U00Ib0201p,REAL,,Standardized readmission ratio,,
fac_data,88,standardized_mortality_ratio,,,cNaK8U00Ib0201q,REAL,,Standardized mortality ratio,,
,,,,,,,,,,
national_data,1,id,1,,tNaK8U00Ib03,INTEGER,,description,,
national_data,2,country,,,cNaK8U00Ib03002,VARCHAR,10,Country,,
national_data,3,percentage_of_patients_with_hgb_10_g_dl,,,cNaK8U00Ib03003,INTEGER,2,Percentage of patients with Hgb<10 g/dL,,
national_data,4,percentage_of_patients_with_hgb_12_g_dl,,,cNaK8U00Ib03004,INTEGER,1,Percentage of patients with Hgb> 12 g/dL,,
national_data,5,lists_the_number_of_facilities_in_the_nation_with_patient_transfusions_categorized_as_better_than_expected,,,cNaK8U00Ib03005,INTEGER,5,"Lists the number of facilities in the nation with patient transfusions categorized as ""Better than expected""",,
national_data,6,lists_the_number_of_facilities_in_the_nation_with_patient_transfusions_categorized_as_as_expected,,,cNaK8U00Ib03006,INTEGER,5,"Lists the number of facilities in the nation with patient transfusions categorized as ""As expected""",,
national_data,7,lists_the_number_of_facilities_in_the_nation_with_patient_transfusions_categorized_as_worse_than_expected,,,cNaK8U00Ib03007,INTEGER,5,"Lists the number of facilities in the nation with patient transfusions categorized as ""Worse than expected""",,
national_data,8,percentage_of_adult_hd_patients_with_kt_v_1_2,,,cNaK8U00Ib03008,INTEGER,2,Percentage of adult HD patients with Kt/V >=1.2,,
national_data,9,percentage_of_adult_pd_pts_with_kt_v_1_7,,,cNaK8U00Ib03009,INTEGER,2,Percentage of adult PD PTS with Kt/V >=1.7,,
national_data,10,percentage_of_pediatric_hd_patients_with_kt_v_1_2,,,cNaK8U00Ib0300a,INTEGER,3,Percentage of pediatric HD patients with Kt/V >=1.2,,
national_data,11,percentage_of_patients_with_arteriovenous_fistulae_in_place,,,cNaK8U00Ib0300b,INTEGER,2,Percentage of patients with arteriovenous fistulae in place,,
national_data,12,percentage_of_patients_with_vascular_catheter_in_use_for_90_days_or_longer,,,cNaK8U00Ib0300c,INTEGER,2,Percentage of patients with vascular catheter in use for 90 days or longer,,
national_data,13,lists_the_percentage_of_adult_patients_with_hypercalcemia_serum_calcium_greater_than_10_2_mg_dl,,,cNaK8U00Ib0300d,INTEGER,1,Lists the percentage of adult patients with hypercalcemia (serum calcium greater than 10.2 mg/dL),,
national_data,14,lists_the_percentage_of_adult_patients_with_serum_phosphorus_less_than_3_5_mg_dl,,,cNaK8U00Ib0300e,INTEGER,2,Lists the percentage of adult patients with serum phosphorus less than 3.5 mg/dL,,
national_data,15,lists_the_percentage_of_adult_patients_with_serum_phosphorus_between_3_5_4_5_mg_dl,,,cNaK8U00Ib0300f,INTEGER,2,Lists the percentage of adult patients with serum phosphorus between 3.5-4.5 mg/dL,,
national_data,16,lists_the_percentage_of_adult_patients_with_serum_phosphorus_between_4_6_5_5_mg_dl,,,cNaK8U00Ib0300g,INTEGER,2,Lists the percentage of adult patients with serum phosphorus between 4.6-5.5 mg/dL,,
national_data,17,lists_the_percentage_of_adult_patients_with_serum_phosphorus_between_5_6_7_0_mg_dl,,,cNaK8U00Ib0300h,INTEGER,2,Lists the percentage of adult patients with serum phosphorus between 5.6-7.0 mg/dL,,
national_data,18,lists_the_percentage_of_adult_patients_with_serum_phosphorus_greater_than_7_0_mg_dl,,,cNaK8U00Ib0300i,INTEGER,2,Lists the percentage of adult patients with serum phosphorus greater than 7.0 mg/dL,,
national_data,19,hospitalizations_better_than_expected,,,cNaK8U00Ib0300j,INTEGER,2,Hospitalizations - Better than expected,,
national_data,20,hospitalizations_as_expected,,,cNaK8U00Ib0300k,INTEGER,3,Hospitalizations - As expected,,
national_data,21,hospitalizations_worse_than_expected,,,cNaK8U00Ib0300l,INTEGER,2,Hospitalizations - Worse than expected,,
national_data,22,number_of_facilities_in_the_nation_with_patient_hospital_readmissions_categorized_as_better_than_expected,,,cNaK8U00Ib0300m,INTEGER,2,"Number of facilities in the state with patient hospital readmissions categorized as Better than expected""""",,
national_data,23,number_of_facilities_in_the_nation_with_patient_hospital_readmissions_categorized_as_as_expected,,,cNaK8U00Ib0300n,INTEGER,3,"Number of facilities in the nation with patient hospital readmissions categorized as As expected""""",,
national_data,24,number_of_facilities_in_the_nation_with_patient_hospital_readmissions_categorized_as_worse_than_expected,,,cNaK8U00Ib0300o,INTEGER,2,"Number of facilities in the nation with patient hospital readmissions categorized as Worse than expected""""",,
national_data,25,survival_better_than_expected,,,cNaK8U00Ib0300p,INTEGER,2,Survival - Better than expected,,
national_data,26,survival_as_expected,,,cNaK8U00Ib0300q,INTEGER,3,Survival - As expected,,
national_data,27,survival_worse_than_expected,,,cNaK8U00Ib0300r,INTEGER,2,Survival - Worse than expected,,
,,,,,,,,,,
qip_data,1,id,1,,tNaK8U00Ib04,INTEGER,,description,,
qip_data,2,facility_name,,,cNaK8U00Ib04002,VARCHAR,59,Facility Name,,
qip_data,3,cms_certification_number_ccn,,,cNaK8U00Ib04003,INTEGER,6,CMS Certification Number (CCN),,
qip_data,4,alternate_ccn_1,,,cNaK8U00Ib04004,VARCHAR,6,Alternate CCN 1,,
qip_data,5,alternate_ccn_2,,,cNaK8U00Ib04005,VARCHAR,6,Alternate CCN 2,,
qip_data,6,alternate_ccn_3,,,cNaK8U00Ib04006,VARCHAR,0,Alternate CCN 3,,
qip_data,7,address_1,,,cNaK8U00Ib04007,VARCHAR,51,Address 1,,
qip_data,8,address_2,,,cNaK8U00Ib04008,VARCHAR,62,Address 2,,
qip_data,9,city,,,cNaK8U00Ib04009,VARCHAR,20,City,,
qip_data,10,state,,,cNaK8U00Ib0400a,VARCHAR,2,State,,
qip_data,11,zip_code,,,cNaK8U00Ib0400b,INTEGER,5,Zip Code,,
qip_data,12,network,,,cNaK8U00Ib0400c,INTEGER,2,Network,,
qip_data,13,hemoglobin_12_g_dl_measure_score,,,cNaK8U00Ib0400d,INTEGER,2,Hemoglobin 12 g/dL Measure Score,int_na_caster,1
qip_data,14,hemoglobin_12_g_dl_performance_period_rate,,,cNaK8U00Ib0400e,VARCHAR,17,Hemoglobin 12 g/dL Performance Period Rate,,
qip_data,15,number_of_patients_included_in_hemoglobin_measure_score_performance_period,,,cNaK8U00Ib0400f,INTEGER,3,Number of Patients Included in Hemoglobin Measure Score Performance Period,int_na_caster,
qip_data,16,hemoglobin_12_g_dl_baseline_period_rate,,,cNaK8U00Ib0400g,VARCHAR,17,Hemoglobin 12 g/dL Baseline Period Rate,,
qip_data,17,number_of_patients_included_in_hemoglobin_measure_score_baseline_period,,,cNaK8U00Ib0400h,INTEGER,3,Number of Patients Included in Hemoglobin Measure Score Baseline Period,int_na_caster,
qip_data,18,hemoglobin_12_g_dl_performance_score_applied,,,cNaK8U00Ib0400i,VARCHAR,11,Hemoglobin 12 g/dL Performance Score Applied,,
qip_data,19,kt_v_adult_hemodialysis_measure_score,,,cNaK8U00Ib0400j,INTEGER,2,Kt/V Adult Hemodialysis Measure Score,int_na_caster,1
qip_data,20,kt_v_adult_hemodialysis_performance_period_rate,,,cNaK8U00Ib0400k,VARCHAR,17,Kt/V Adult Hemodialysis Performance Period Rate,,
qip_data,21,number_of_patients_included_in_kt_v_adult_hemodialysis_measure_score_performance_period,,,cNaK8U00Ib0400l,INTEGER,3,Number of Patients Included in Kt/V Adult Hemodialysis Measure Score Performance Period,int_na_caster,1
qip_data,22,number_of_kt_v_adult_hemodialysis_patient_months_performance_period,,,cNaK8U00Ib0400m,INTEGER,4,Number of Kt/V Adult Hemodialysis Patient Months Performance Period,,
qip_data,23,kt_v_adult_hemodialysis_baseline_period_rate,,,cNaK8U00Ib0400n,VARCHAR,17,Kt/V Adult Hemodialysis Baseline Period Rate,,
qip_data,24,number_of_kt_v_adult_hemodialysis_patient_months_baseline_period,,,cNaK8U00Ib0400o,INTEGER,4,Number of Kt/V Adult Hemodialysis Patient Months Baseline Period,int_na_caster,
qip_data,25,kt_v_adult_hemodialysis_performance_score_applied,,,cNaK8U00Ib0400p,VARCHAR,11,Kt/V Adult Hemodialysis Performance Score Applied,,
qip_data,26,kt_v_adult_peritoneal_dialysis_measure_score,,,cNaK8U00Ib0400q,VARCHAR,3,Kt/V Adult Peritoneal Dialysis Measure Score,,
qip_data,27,kt_v_adult_peritoneal_dialysis_performance_period_rate,,,cNaK8U00Ib0400r,VARCHAR,17,Kt/V Adult Peritoneal Dialysis Performance Period Rate,,
qip_data,28,number_of_patients_included_in_kt_v_adult_peritoneal_dialysis_measure_score_performance_period,,,cNaK8U00Ib0400s,VARCHAR,3,Number of Patients Included in Kt/V Adult Peritoneal Dialysis Measure Score Performance Period,,
qip_data,29,number_of_kt_v_adult_peritoneal_dialysis_patient_months_performance_period,,,cNaK8U00Ib0400t,INTEGER,4,Number of Kt/V Adult Peritoneal Dialysis Patient Months Performance Period,int_na_caster,
qip_data,30,kt_v_adult_peritoneal_dialysis_baseline_period_rate,,,cNaK8U00Ib0400u,VARCHAR,17,Kt/V Adult Peritoneal Dialysis Baseline Period Rate,,
qip_data,31,number_of_kt_v_adult_peritoneal_dialysis_patient_months_baseline_period,,,cNaK8U00Ib0400v,INTEGER,4,Number of Kt/V Adult Peritoneal Dialysis Patient Months Baseline Period,int_na_caster,
qip_data,32,kt_v_adult_peritoneal_dialysis_performance_score_applied,,,cNaK8U00Ib0400w,VARCHAR,11,Kt/V Adult Peritoneal Dialysis Performance Score Applied,,
qip_data,33,kt_v_pediatric_hemodialysis_measure_score,,,cNaK8U00Ib0400x,VARCHAR,3,Kt/V Pediatric Hemodialysis Measure Score,,
qip_data,34,kt_v_pediatric_hemodialysis_performance_period_rate,,,cNaK8U00Ib0400y,VARCHAR,17,Kt/V Pediatric Hemodialysis Performance Period Rate,,
qip_data,35,number_of_patients_included_in_kt_v_pediatric_hemodialysis_measure_score_performance_period,,,cNaK8U00Ib0400z,VARCHAR,3,Number of Patients Included in Kt/V Pediatric Hemodialysis Measure Score Performance Period,,
qip_data,36,number_of_kt_v_pediatric_hemodialysis_patient_months_performance_period,,,cNaK8U00Ib0400A,INTEGER,3,Number of Kt/V Pediatric Hemodialysis Patient Months Performance Period,int_na_caster,
qip_data,37,kt_v_pediatric_hemodialysis_baseline_period_rate,,,cNaK8U00Ib0400B,VARCHAR,17,Kt/V Pediatric Hemodialysis Baseline Period Rate,,
qip_data,38,number_of_kt_v_pediatric_hemodialysis_patient_months_baseline_period,,,cNaK8U00Ib0400C,INTEGER,3,Number of Kt/V Pediatric Hemodialysis Patient Months Baseline Period,int_na_caster,
qip_data,39,kt_v_pediatric_hemodialysis_performance_score_applied,,,cNaK8U00Ib0400D,VARCHAR,11,Kt/V Pediatric Hemodialysis Performance Score Applied,,
qip_data,40,kt_v_dialysis_adequacy_combined_measure_score,,,cNaK8U00Ib0400E,INTEGER,2,Kt/V Dialysis Adequacy Combined Measure Score,int_na_caster,1
qip_data,41,fistula_measure_score,,,cNaK8U00Ib0400F,INTEGER,2,Fistula Measure Score,int_na_caster,1
qip_data,42,fistula_performance_period_rate,,,cNaK8U00Ib0400G,VARCHAR,17,Fistula Performance Period Rate,,
qip_data,43,number_of_patients_included_in_fistula_measure_score_performance_period,,,cNaK8U00Ib0400H,INTEGER,3,Number of Patients Included in Fistula Measure Score Performance Period,int_na_caster,1
qip_data,44,number_of_fistula_patient_months_performance_period,,,cNaK8U00Ib0400I,INTEGER,4,Number of Fistula Patient Months Performance Period,int_na_caster,
qip_data,45,fistula_baseline_period_rate,,,cNaK8U00Ib0400J,VARCHAR,17,Fistula Baseline Period Rate,,
qip_data,46,number_of_fistula_patient_months_baseline_period,,,cNaK8U00Ib0400K,INTEGER,4,Number of Fistula Patient Months Baseline Period,int_na_caster,
qip_data,47,fistula_performance_score_applied,,,cNaK8U00Ib0400L,VARCHAR,11,Fistula Performance Score Applied,,
qip_data,48,catheter_measure_score,,,cNaK8U00Ib0400M,INTEGER,2,Catheter Measure Score,int_na_caster,1
qip_data,49,catheter_performance_period_rate,,,cNaK8U00Ib0400N,VARCHAR,17,Catheter Performance Period Rate,,
qip_data,50,number_of_patients_included_in_catheter_measure_score_performance_period,,,cNaK8U00Ib0400O,INTEGER,3,Number of Patients Included in Catheter Measure Score Performance Period,int_na_caster,1
qip_data,51,number_of_catheter_patient_months_performance_period,,,cNaK8U00Ib0400P,INTEGER,4,Number of Catheter Patient Months Performance Period,,
qip_data,52,catheter_baseline_period_rate,,,cNaK8U00Ib0400Q,VARCHAR,17,Catheter Baseline Period Rate,,
qip_data,53,number_of_catheter_patient_months_baseline_period,,,cNaK8U00Ib0400R,INTEGER,4,Number of Catheter Patient Months Baseline Period,,
qip_data,54,catheter_performance_score_applied,,,cNaK8U00Ib0400S,VARCHAR,11,Catheter Performance Score Applied,,
qip_data,55,vascular_access_combined_measure_score,,,cNaK8U00Ib0400T,INTEGER,2,Vascular Access Combined Measure Score,int_na_caster,1
qip_data,56,ich_cahps_admin_score,,,cNaK8U00Ib0400U,INTEGER,2,ICH CAHPS Admin Score,int_na_caster,1
qip_data,57,nhsn_event_reporting_score,,,cNaK8U00Ib0400V,INTEGER,2,NHSN Event Reporting Score,int_na_caster,1
qip_data,58,mineral_metabolism_reporting_score,,,cNaK8U00Ib0400W,INTEGER,2,Mineral Metabolism Reporting Score,int_na_caster,1
qip_data,59,anemia_management_reporting_score,,,cNaK8U00Ib0400X,INTEGER,2,Anemia Management Reporting Score,int_na_caster,1
qip_data,60,total_performance_score,,,cNaK8U00Ib0400Y,INTEGER,3,Total Performance Score,int_na_caster,1
qip_data,61,py2015_payment_reduction_percentage,,,cNaK8U00Ib0400Z,VARCHAR,12,PY2015 Payment Reduction Percentage,,
qip_data,62,cms_certification_date,,,cNaK8U00Ib04010,DATE,,CMS Certification Date,,
qip_data,63,ownership_as_of_december_31_2013,,,cNaK8U00Ib04011,VARCHAR,38,"Ownership as of December 31, 2013",,
qip_data,64,date_of_ownership_record_update,,,cNaK8U00Ib04012,DATE,,Date of Ownership Record Update,,
